PROPERTYNAME,,,REPRESENTATIVE,,EMAILADDRESS,,,,UNIQUEID
Adventure Eco Villas,,,Ean Mackay,,adventureecovillastobago@gmail.com,,,,1365
Man O' War Cottages,,,Patricia Turpin,,patjoanturpin@gmail.com,,,,9309
Top O' Tobago,,,Camille Baker,,Camille@topotobago.com,,,,3848
Villa Being,,,Kevon Wilson,,info@being-tobago.com,,,,6611
Villas at Stonehaven,,,Wasipha Khan,,wasipha@stonehavenvillas.com,,,,2507
Kristin's Place,,,Ricky Ramkissoon,,kristinsplacetobago@gmail.com,,,,8953
Serene Inn Tobago,,,Kirton Sorias,,notrik33@gmail.com,,,,4499
The Palm Vilas,,,David Byrne,,info@thepalmstobago.com,,,,1392
Casa Del Sol Tobago,,,Rene Seepersadsingh,,casadelsoltobago@gmail.com,,,,8757
Ambassador Court,,,Sawako Sakai,,mag4law@hotmail.com,,,,9104
Villa Martini,,,Sawako Sakai,,mag4law@hotmail.com,,,,7704
Villa Anais,,,Sawako Sakai,,mag4law@hotmail.com,,,,8245
Plantation Beach Villas,,,Sean Clarke,,plantationbeachvillas@gmail.com,,,,9858
C and A Seashell Villa,,,Alisha Borneo Rogers,,candavilla127@gmail.com,,,,7505
Firefly Villa,,,Amanda Anderson,,info@fireflytobago.com,,,,3438
Ashbury Villa,,,ShellyAnn Ramsubhag,,ashburyvilla@gmail.com,,,,5555
Chachalaca Villa,,,Nawaz Hosein,,info@chachalacavilla.com,,,,5531
Para Sol,,,Dion Wilson,,parasoltobago@gmail.com,,,,8627
CCU Villas,,,Aklima Beckham-Maharaj,,abeekham-maharaj@clicocu.com,,,,6241
Prime Villa,,,Jewan Ragoonanan,,prime.marketing@live.com,,,,4636
Old Grange Towers,,,Magnus Wilson,,magnus.wilson@ahltt.com,,,,9733
Faith's Villa of Tobago,,,Chevonne and Cecil Joseph,,ingride72000@yahoo.com,,,,5289
Tomas Villa,,,Glenie Wint- Lawrence,,info@tomasvillas.com,,,,1676
Rose Villa 130,,,Wendy Achim,,roseandpristine@gmail.com,,,,2861
Pristine Villa,,,Wendy Achim,,roseandpristine@gmail.com,,,,7308
Seala Vie Villa,,,Richard Ramdwar,,richardramdwar@gmail.com,,,,4431
Shandison Villa,,,Richard Ramdwar,,richardramdwar@gmail.com,,,,7921